"Slug","Image","Version","Source"
"InputStream","/images/blog/ai-doesnt-have-to-be-soulless.png","legacy","Legacy / Other"
"InputStream","/images/blog/the-soul-frequency-framework-hero-v3-pro.png","v3","Codex / Prior Grok (native-CLI / L99)"
"InputStream","/images/blog/golden-age-of-intelligence-hero-v3-pro.png","v3","Codex / Prior Grok (native-CLI / L99)"
"InputStream","/images/blog/30-minute-creator-os-quick-start-hero-v6.jpg","v6","Grok (this session)"
"InputStream","/images/blog/acos-enterprise-deployment-guide-hero-v3.jpg","v3","Codex / Prior Grok (native-CLI / L99)"
"InputStream","/images/blog/acos-hooks-system-quality-gates-hero-v3.jpg","v3","Codex / Prior Grok (native-CLI / L99)"
"InputStream","/images/blog/acos-philosophy-technology-amplifies-hero-v5.jpg","v5","Grok (this session)"
"InputStream","/images/blog/acos-use-cases-creator-types-hero-v4.jpg","v4","Codex / Prior Grok (native-CLI / L99)"
"InputStream","/images/blog/acos-v10-autonomous-intelligence-hero-v5.jpg","v10","Legacy / Other"
"InputStream","/images/blog/acos-zero-to-production-quickstart-hero-v4.jpg","v4","Codex / Prior Grok (native-CLI / L99)"
"InputStream","/images/blog/aeo-knowledge-graph-2026-hero-v7.jpg","v7","Grok (this session)"
"InputStream","/images/blog/aeo-playbook-get-cited-by-ai-2026-hero-v3.jpg","v3","Codex / Prior Grok (native-CLI / L99)"
"InputStream","/images/blog/agent-family-architecture-hero-v3.jpg","v3","Codex / Prior Grok (native-CLI / L99)"
"InputStream","/images/blog/agent-feed-privacy-first-ai-transparency-hero-v7.jpg","v7","Grok (this session)"
"InputStream","/images/blog/agentic-ai-roadmap-2025-hero-v5.jpg","v5","Grok (this session)"
"InputStream","/images/blog/agentic-ai-roadmap-2026-hero-v7.jpg","v7","Grok (this session)"
"InputStream","/images/blog/agentic-creator-os-complete-guide-hero-v7.jpg","v7","Grok (this session)"
"InputStream","/images/blog/agentic-creator-os-hero-v5.jpg","v5","Grok (this session)"
"InputStream","/images/blog/agentic-os-family-foundry-launch-hero-v5.jpg","v5","Grok (this session)"
"InputStream","/images/blog/agentic-seo-publishing-masterplan-hero-v5.jpg","v5","Grok (this session)"
"InputStream","/images/blog/agentic-workflows-save-hours-hero-v6.jpg","v6","Grok (this session)"
"InputStream","/images/blog/agi-2026-opportunities-students-creators-hero-v5.jpg","v5","Grok (this session)"
"InputStream","/images/blog/ai-agents-inner-family-hero-v6.jpg","v6","Grok (this session)"
"InputStream","/images/blog/ai-agents-transform-due-diligence-hero-v6.jpg","v6","Grok (this session)"
"InputStream","/images/blog/ai-architecture-patterns-solo-builders-hero-v7.jpg","v7","Grok (this session)"
"InputStream","/images/blog/ai-coe-launch-hero-v7.jpg","v7","Grok (this session)"
"InputStream","/images/blog/ai-doesnt-have-to-be-soulless-hero-v6.jpg","v6","Grok (this session)"
"InputStream","/images/blog/ai-engineering-without-hype-willison-hero-v5.jpg","v5","Grok (this session)"
"InputStream","/images/blog/ai-guide-for-families-and-professionals-hero-v7.jpg","v7","Grok (this session)"
"InputStream","/images/blog/ai-health-fitness-athletes-creators-2026-hero-v6.jpg","v6","Grok (this session)"
"InputStream","/images/blog/ai-image-video-generation-playbook-2026-hero-v5.jpg","v5","Grok (this session)"
"InputStream","/images/blog/ai-model-routing-guide-hero-v5.jpg","v5","Grok (this session)"
"InputStream","/images/blog/ai-video-generation-2026-sora-runway-kling-veo-hero-v7.jpg","v7","Grok (this session)"
"InputStream","/images/blog/ai-workshops-for-students-what-worked-hero-v6.jpg","v6","Grok (this session)"
"InputStream","/images/blog/best-ai-affiliate-programs-2026-hero-v6.jpg","v6","Grok (this session)"
"InputStream","/images/blog/best-ai-browser-2026-hero-v6.jpg","v6","Grok (this session)"
"InputStream","/images/blog/best-ai-coding-tools-for-beginners-2026-hero-v6.jpg","v6","Grok (this session)"
"InputStream","/images/blog/best-ai-headshot-generator-2026-hero-v6.jpg","v6","Grok (this session)"
"InputStream","/images/blog/best-ai-image-generators-2026-hero-v7.jpg","v7","Grok (this session)"
"InputStream","/images/blog/best-ai-logo-maker-2026-hero-v7.jpg","v7","Grok (this session)"
"InputStream","/images/blog/best-ai-meeting-assistant-2026-hero-v6.jpg","v6","Grok (this session)"
"InputStream","/images/blog/best-ai-note-taking-tools-2026-hero-v6.jpg","v6","Grok (this session)"
"InputStream","/images/blog/best-ai-presentation-maker-2026-hero-v7.jpg","v7","Grok (this session)"
"InputStream","/images/blog/best-ai-product-photography-2026-hero-v7.jpg","v7","Grok (this session)"
"InputStream","/images/blog/best-ai-resume-builder-2026-hero-v7.jpg","v7","Grok (this session)"
"InputStream","/images/blog/best-ai-shorts-tiktok-tools-2026-hero-v7.jpg","v7","Grok (this session)"
"InputStream","/images/blog/best-ai-superpowers-stack-2026-hero-v7.jpg","v7","Grok (this session)"
"InputStream","/images/blog/best-ai-tools-for-creators-2026-hero-v7.jpg","v7","Grok (this session)"
"InputStream","/images/blog/best-ai-video-editor-2026-hero-v6.jpg","v6","Grok (this session)"
"InputStream","/images/blog/best-ai-video-generators-2026-hero.jpg","legacy","Legacy / Other"
"InputStream","/images/blog/best-ai-writing-tools-vs-claude-2026-hero-v8.jpg","v8","Grok (this session)"
"InputStream","/images/blog/best-cheap-ai-music-generator-2026-hero-v7.jpg","v7","Grok (this session)"
"InputStream","/images/blog/best-elevenlabs-alternatives-2026-hero-v7.jpg","v7","Grok (this session)"
"InputStream","/images/blog/best-local-llm-2026-hero-v6.jpg","v6","Grok (this session)"
"InputStream","/images/blog/best-no-code-ai-agent-builders-2026-hero-v7.jpg","v7","Grok (this session)"
"InputStream","/images/blog/brand-evolution-from-consciousness-to-systems-hero-v7.jpg","v7","Grok (this session)"
"InputStream","/images/blog/build-your-own-jarvis-claude-code-hero-v4.jpg","v4","Codex / Prior Grok (native-CLI / L99)"
"InputStream","/images/blog/building-custom-skills-hero-v2.png","v2","Legacy / Other"
"InputStream","/images/blog/deal-flow-pipeline.png","legacy","Legacy / Other"
"InputStream","/images/blog/building-research-intelligence-system-hero-v5.jpg","v5","Grok (this session)"
"InputStream","/images/blog/chatgpt-vs-claude-vs-gemini-2026-hero-v6.jpg","v6","Grok (this session)"
"InputStream","/images/blog/cheapest-frontier-model-access-2026-hero-v6.jpg","v6","Grok (this session)"
"InputStream","/images/blog/claude-code-mcp.png","legacy","Legacy / Other"
"InputStream","/images/blog/claude-code-mastery-top-resources-hero-v6.jpg","v6","Grok (this session)"
"InputStream","/images/blog/claude-code-pricing-explained-2026-hero-v8.jpg","v8","Grok (this session)"
"InputStream","/images/blog/claude-code-skills-2026-the-10-you-need-hero-v7.jpg","v7","Grok (this session)"
"InputStream","/images/blog/claude-fable-5-analysis-2026-hero-v7.jpg","v7","Grok (this session)"
"InputStream","/images/blog/claude-fable-5-prompting-guide-hero-v7.jpg","v7","Grok (this session)"
"InputStream","/images/blog/claude-opus-4-8-analysis-2026-hero-v7.jpg","v7","Grok (this session)"
"InputStream","/images/blog/conscious-ai-entrepreneurs-hero-v2.png","v2","Legacy / Other"
"InputStream","/images/blog/conscious-ai-framework-hero-v2.png","v2","Legacy / Other"
"InputStream","/images/blog/conscious-ai-integration-os-hero-v2.png","v2","Legacy / Other"
"InputStream","/images/blog/creator-intelligence-systems-2026-hero-v7.jpg","v7","Grok (this session)"
"InputStream","/images/blog/creators-ai-toolkit-workshop-hero-v7.jpg","v7","Grok (this session)"
"InputStream","/images/blog/creators-life-architecture-guide-hero-v7.jpg","v7","Grok (this session)"
"InputStream","/images/blog/cursor-vs-claude-code-vs-windsurf-2026-hero-v7.jpg","v7","Grok (this session)"
"InputStream","/images/blog/golden-age-of-intelligence-hero-v2.png","v2","Legacy / Other"
"InputStream","/images/blog/deepseek-v4-analysis-2026-hero-v7.jpg","v4","Codex / Prior Grok (native-CLI / L99)"
"InputStream","/images/blog/design-sprint-identity-hero.png","legacy","Legacy / Other"
"InputStream","/images/blog/embodied-creator-os-hero-v7.jpg","v7","Grok (this session)"
"InputStream","/images/blog/enterprise-agent-roadmap-hero-v7.jpg","v7","Grok (this session)"
"InputStream","/images/blog/eu-inc-28th-regime-european-startups-hero-v7.jpg","v7","Grok (this session)"
"InputStream","/images/blog/faceless-youtube-ai-tools-2026-hero-v7.jpg","v7","Grok (this session)"
"InputStream","/images/blog/frankx-business-plan-canvas-hero-v7.jpg","v7","Grok (this session)"
"InputStream","/images/blog/frankx-intelligence-atlas-volume-1-hero-v7.jpg","v7","Grok (this session)"
"InputStream","/images/blog/ecosystem-architecture-davinci.png","legacy","Legacy / Other"
"InputStream","/images/blog/frankx-vision-mission-values-hero.png","legacy","Legacy / Other"
"InputStream","/images/blog/best-ai-video-generators-2026-hero.jpg","legacy","Legacy / Other"
"InputStream","/images/blog/gemini-3-5-pro-analysis-2026-hero-v8.jpg","v8","Grok (this session)"
"InputStream","/images/blog/gemma-3-analysis-2026-hero-v8.jpg","v8","Grok (this session)"
"InputStream","/images/blog/gencreator-3-tier-shipping-system-hero-v8.jpg","v8","Grok (this session)"
"InputStream","/images/blog/gencreator-7-dimensions-complete-guide-hero.webp","legacy","Legacy / Other"
"InputStream","/images/blog/getting-started-agentic-creator-os-hero-v2.png","v2","Legacy / Other"
"InputStream","/images/blog/golden-age-field-guide-hero.png","legacy","Legacy / Other"
"InputStream","/images/blog/golden-age-of-intelligence-hero-v3-pro.png","v3","Codex / Prior Grok (native-CLI / L99)"
"InputStream","/images/blog/golden-age-of-intelligence-hero-v7.jpg","v7","Grok (this session)"
"InputStream","/images/blog/gpt-5-5-analysis-2026-hero-v4.jpg","v4","Codex / Prior Grok (native-CLI / L99)"
"InputStream","/images/blog/gpt-oss-analysis-2026-hero-v5.jpg","v5","Grok (this session)"
"InputStream","/images/blog/grok-4-3-analysis-2026-hero-v4.jpg","v4","Codex / Prior Grok (native-CLI / L99)"
"InputStream","/images/blog/heygen-vs-synthesia-vs-argil-2026-hero-v8.jpg","v8","Grok (this session)"
"InputStream","/images/blog/how-to-build-your-soul-md-hero-v8.jpg","v8","Grok (this session)"
"InputStream","/images/blog/build-your-own-jarvis-hero.png","legacy","Legacy / Other"
"InputStream","/images/blog/iacos-research-os.png","legacy","Legacy / Other"
"InputStream","/images/blog/inner-hr-ai-agent-hero.jpg","legacy","Legacy / Other"
"InputStream","/images/blog/intelligence-revolution-hero.png","legacy","Legacy / Other"
"InputStream","/images/blog/karpathys-ai-vision-deep-dive-hero.png","legacy","Legacy / Other"
"InputStream","/images/blog/kimi-k2-analysis-2026-hero-v5.jpg","v5","Grok (this session)"
"InputStream","/images/blog/llama-4-analysis-2026-hero-v5.jpg","v5","Grok (this session)"
"InputStream","/images/blog/llm-evals-claude-code-guide-hero-v5.jpg","v5","Grok (this session)"
"InputStream","/images/blog/mcp-doctor-claude-code-server-optimization-hero.png","legacy","Legacy / Other"
"InputStream","/images/blog/mcp-server-integration-hero-v2.png","v2","Legacy / Other"
"InputStream","/images/blog/mcp-server-architecture-workshop-hero.png","legacy","Legacy / Other"
"InputStream","/images/blog/mcp-server-integration-hero-v3.jpg","v3","Codex / Prior Grok (native-CLI / L99)"
"InputStream","/images/blog/meaning-as-operating-system-hero.jpg","legacy","Legacy / Other"
"InputStream","/images/blog/memory-as-exile-ai-hero.jpg","legacy","Legacy / Other"
"InputStream","/images/blog/microsoft-mai-frontier-models-2026-hero-v5.jpg","v5","Grok (this session)"
"InputStream","/images/blog/misinformation-guardian-hackathon-hero.png","legacy","Legacy / Other"
"InputStream","/images/blog/mistral-large-3-analysis-2026-hero-v5.jpg","v5","Grok (this session)"
"InputStream","/images/blog/multi-agent-orchestration-patterns-2026-hero-v3.jpg","v3","Codex / Prior Grok (native-CLI / L99)"
"InputStream","/images/blog/music-as-consciousness-technology-hero-v2.png","v2","Legacy / Other"
"InputStream","/images/blog/my-100-month-ai-stack-hero.webp","legacy","Legacy / Other"
"InputStream","/images/blog/agentic-workflows-save-hours-hero-v2.png","v2","Legacy / Other"
"InputStream","/images/blog/no-bad-parts-ai-debugging-hero.jpg","legacy","Legacy / Other"
"InputStream","/images/blog/no-bad-parts-sovereign-ai-hero.jpg","legacy","Legacy / Other"
"InputStream","/images/blog/nvidia-ces-2026-physical-ai-revolution-hero.png","legacy","Legacy / Other"
"InputStream","/images/blog/nvidia-physical-ai-hero.png","legacy","Legacy / Other"
"InputStream","/images/blog/observability-stack-multi-agent-systems-2026-hero.png","legacy","Legacy / Other"
"InputStream","/images/blog/ollama-local-ai-models-privacy-guide-hero.webp","legacy","Legacy / Other"
"InputStream","/images/blog/ollama-vs-lm-studio-vs-jan-2026-hero.png","legacy","Legacy / Other"
"InputStream","/images/blog/what-is-agentic-ai-hero.png","legacy","Legacy / Other"
"InputStream","/images/blog/oracle-genai-agents-vs-langgraph-crewai-2026-hero.png","legacy","Legacy / Other"
"InputStream","/images/blog/personal-ai-assistant-setup-workshop-hero.png","legacy","Legacy / Other"
"InputStream","/images/blog/personal-ai-coe-under-100-2026-hero.png","legacy","Legacy / Other"
"InputStream","/images/blog/phi-analysis-2026-hero-v4.jpg","v4","Codex / Prior Grok (native-CLI / L99)"
"InputStream","/images/blog/predictive-mind-reality-models-hero.jpg","legacy","Legacy / Other"
"InputStream","/images/blog/production-agent-patterns-7-pillars-hero.png","legacy","Legacy / Other"
"InputStream","/images/blog/production-agent-patterns-aws-bedrock-hero.png","legacy","Legacy / Other"
"InputStream","/images/blog/production-agentic-ai-systems-hero-v2.png","v2","Legacy / Other"
"InputStream","/images/blog/production-llm-agents-oci-part-1-architecture-hero.png","legacy","Legacy / Other"
"InputStream","/images/blog/production-llm-agents-oci-part-2-agent-patterns-hero.png","legacy","Legacy / Other"
"InputStream","/images/blog/production-llm-agents-oci-part-3-operating-model-hero.png","legacy","Legacy / Other"
"InputStream","/images/blog/prompt-engineering-mastery-workshop-hero-v2.png","v2","Legacy / Other"
"InputStream","/images/blog/prompt-engineering-mastery-2026-hero-v3.jpg","v3","Codex / Prior Grok (native-CLI / L99)"
"InputStream","/images/blog/props-to-the-builders-of-this-era-hero.png","legacy","Legacy / Other"
"InputStream","/images/blog/qwen3-max-analysis-2026-hero-v5.jpg","v5","Grok (this session)"
"InputStream","/images/blog/rag-for-creators-hero.webp","legacy","Legacy / Other"
"InputStream","/images/blog/reader-first-golden-age-hero.png","legacy","Legacy / Other"
"InputStream","/images/blog/science-of-state-change-music-hero.png","legacy","Legacy / Other"
"InputStream","/images/blog/seo-aeo-optimization-acos-hero.png","legacy","Legacy / Other"
"InputStream","/images/blog/ship-daily-compound-creator-hero.webp","legacy","Legacy / Other"
"InputStream","/images/blog/starlight-intelligence-system-how-ai-agents-learn-hero.jpg","legacy","Legacy / Other"
"InputStream","/images/blog/six-primitives-ai-agent-hero.png","legacy","Legacy / Other"
"InputStream","/images/blog/starlight-intelligence-system-how-ai-agents-learn-hero.jpg","legacy","Legacy / Other"
"InputStream","/images/blog/suno-music-workflow-hero.png","legacy","Legacy / Other"
"InputStream","/images/blog/suno-ai-music-creation-workshop-hero.png","legacy","Legacy / Other"
"InputStream","/images/blog/suno-music-workflow-hero.png","legacy","Legacy / Other"
"InputStream","/images/blog/suno-prompt-engineering-complete-guide-hero.png","legacy","Legacy / Other"
"InputStream","/images/blog/suno-vs-udio-2026-hero.png","legacy","Legacy / Other"
"InputStream","/images/blog/swarm-intelligence-multi-agent-orchestration-hero-v3.jpg","v3","Codex / Prior Grok (native-CLI / L99)"
"InputStream","/images/blog/terminal-first-ai-workflow-hero.png","legacy","Legacy / Other"
"InputStream","/images/blog/the-creative-os-hero.png","legacy","Legacy / Other"
"InputStream","/images/blog/great-transition-hero.png","legacy","Legacy / Other"
"InputStream","/images/blog/research-generation-flywheel-2026.jpg","legacy","Legacy / Other"
"InputStream","/images/blog/build-your-own-jarvis-hero.png","legacy","Legacy / Other"
"InputStream","/images/blog/ultimate-canva-ai-workflow-2026-hero.png","legacy","Legacy / Other"
"InputStream","/images/blog/ultimate-capcut-workflow-2026-hero.png","legacy","Legacy / Other"
"InputStream","/images/blog/ultimate-descript-workflow-2026-hero.png","legacy","Legacy / Other"
"InputStream","/images/blog/ultimate-elevenlabs-workflow-2026-hero.png","legacy","Legacy / Other"
"InputStream","/images/blog/ultimate-gamma-workflow-2026-hero.png","legacy","Legacy / Other"
"InputStream","/images/blog/ultimate-guide-ai-coding-agents-2026.png","legacy","Legacy / Other"
"InputStream","/images/blog/ultimate-heygen-workflow-2026-hero.png","legacy","Legacy / Other"
"InputStream","/images/blog/ultimate-higgsfield-workflow-2026-hero.png","legacy","Legacy / Other"
"InputStream","/images/blog/ultimate-n8n-workflow-2026-hero.png","legacy","Legacy / Other"
"InputStream","/images/blog/ultimate-opus-clip-workflow-2026-hero.png","legacy","Legacy / Other"
"InputStream","/images/blog/ultimate-perplexity-workflow-2026-hero.png","legacy","Legacy / Other"
"InputStream","/images/blog/vercel-ai-sdk-first-agent-hero.png","legacy","Legacy / Other"
"InputStream","/images/blog/claude-code-mcp.png","legacy","Legacy / Other"
"InputStream","/images/blog/vibe-os-creative-soul-hero.png","legacy","Legacy / Other"
"InputStream","/images/blog/visual-intelligence-system-ai-image-management-hero.webp","legacy","Legacy / Other"
"InputStream","/images/blog/voice-ai-agents-2026-hero.webp","legacy","Legacy / Other"
"InputStream","/images/blog/what-is-a-gencreator-hero.webp","legacy","Legacy / Other"
"InputStream","/images/blog/what-is-agentic-ai-hero.png","legacy","Legacy / Other"
"InputStream","/images/blog/why-everyone-needs-personal-ai-coe-hero.webp","legacy","Legacy / Other"
